学号,姓名,性别,入学成绩,学习风格,特殊需求,备注
2024001,张三,男,85,图像型,无,数学基础较好
2024002,李小红,女,78,解析型,注意力不集中,需要额外关注
2024003,王明,男,92,应用型,无,理解能力强
2024004,陈美丽,女,67,图像型,学习困难,需要个别辅导
2024005,刘强,男,88,解析型,无,逻辑思维能力强
2024006,赵雪,女,72,图像型,视力问题,需要坐前排
2024007,孙浩,男,95,应用型,无,数学竞赛获奖
2024008,周婷婷,女,81,解析型,情绪调节困难,需要心理关怀
2024009,吴杰,男,76,图像型,无,喜欢通过图表学习
2024010,郑芳,女,89,应用型,无,善于解决实际问题
2024011,马小军,男,64,图像型,计算困难,基础需要加强
2024012,林静,女,83,解析型,无,善于归纳总结
2024013,黄勇,男,77,应用型,听力问题,需要特殊座位安排
2024014,许梅,女,90,图像型,无,空间想象力强
2024015,曹亮,男,86,解析型,无,逻辑推理能力出色
2024016,丁小华,女,70,图像型,家庭困难,需要关注心理状态
2024017,范伟,男,79,应用型,无,动手能力强
2024018,高玲,女,84,解析型,无,善于分析和总结
2024019,韩磊,男,73,图像型,注意力缺陷,需要多次提醒
2024020,江雨,女,87,应用型,无,善于联系实际生活
2024021,孔明,男,91,解析型,无,数学思维清晰
2024022,梁小燕,女,75,图像型,无,视觉学习者
2024023,宁强,男,82,应用型,轻微自闭,需要耐心引导
2024024,欧阳雪,女,88,解析型,无,逻辑思维强
2024025,潘杰,男,69,图像型,学习障碍,需要特殊教学方法 